{"cameraMode":{"drawMode":0,"name":"Shaded","section":"Shading Mode"},"sceneLighting":false,"audioPlay":false,"sceneViewState":{"m_AlwaysRefresh":false,"showFog":false,"showSkybox":false,"showFlares":false,"showImageEffects":false,"showParticleSystems":false,"showVisualEffectGraphs":true,"m_FxEnabled":true},"in2DMode":false,"pivot":{"x":-0.2756698429584503,"y":1.0936511754989625,"z":-0.6801142692565918},"rotation":{"x":0.01411034818738699,"y":-0.9852327704429627,"z":0.10115254670381546,"w":0.13744190335273744},"size":1.4196655750274659,"orthographic":false}